{"stats":{"minecraft:used":{"minecraft:redstone_torch":21,"minecraft:item_frame":2,"minecraft:repeater":25,"minecraft:target":2,"minecraft:comparator":4,"minecraft:dropper":5,"minecraft:hopper":32,"minecraft:redstone":61,"minecraft:stone_stairs":4,"minecraft:oak_sign":6,"minecraft:chest":4,"minecraft:polished_blackstone_button":1,"minecraft:stone_slab":23,"minecraft:stone":144},"minecraft:custom":{"minecraft:time_since_rest":17530,"minecraft:crouch_one_cm":260,"minecraft:inspect_dropper":5,"minecraft:play_time":17530,"minecraft:walk_one_cm":949,"minecraft:sneak_time":1569,"minecraft:jump":10,"minecraft:inspect_hopper":6,"minecraft:leave_game":7,"minecraft:time_since_death":17530,"minecraft:total_world_time":18998,"minecraft:fly_one_cm":59259}},"DataVersion":2730}